intersection,xIdx,yIdx,detectorX,detectorY,corners,gridX,gridY
X-5Y-6,-5,-6,-6.63544135441354,-22.1569531211354,4,-1.390614,-1.6687368
X-5Y-5,-5,-5,-3.41665916659167,-20.6172736568001,4,-1.390614,-1.390614
X-5Y-4,-5,-4,-1.11726117261173,-19.5364554230484,4,-1.390614,-1.1124912
X-5Y-3,-5,-3,1.24576245762458,-18.4486851760974,4,-1.390614,-0.8343684
X-5Y-2,-5,-2,3.67953679536795,-17.3546280614039,4,-1.390614,-0.5562456
X-5Y-1,-5,-1,6.37518875188752,-16.1374242468001,4,-1.390614,-0.2781228
X-5Y+0,-5,0,9.01471514715147,-14.8091844992213,4,-1.390614,0
X-5Y+1,-5,1,11.5262402624026,-13.2842349304452,4,-1.390614,0.2781228
X-5Y+2,-5,2,14.0470154701547,-11.6160941574578,4,-1.390614,0.5562456
X-5Y+3,-5,3,16.6222912229122,-9.91535847598327,4,-1.390614,0.8343684
X-5Y+4,-5,4,19.3951939519395,-8.12105600428928,4,-1.390614,1.1124912
X-5Y+5,-5,5,21.9908449084491,-6.50942499926815,4,-1.390614,1.390614
X-4Y-6,-4,-6,-8.32295822958229,-19.4362727866637,4,-1.1124912,-1.6687368
X-4Y-5,-4,-5,-5.20492704927049,-18.4579931452561,4,-1.1124912,-1.390614
X-4Y-4,-4,-4,-2.77377773777738,-17.7056821118294,4,-1.1124912,-1.1124912
X-4Y-3,-4,-3,-0.2660026600266,-16.8799424627951,4,-1.1124912,-0.8343684
X-4Y-2,-4,-2,2.36139861398614,-15.851789421217,4,-1.1124912,-0.5562456
X-4Y-1,-4,-1,5.05517555175552,-14.6231177350949,4,-1.1124912,-0.2781228
X-4Y+0,-4,0,7.70745207452075,-13.1930196087865,4,-1.1124912,0
X-4Y+1,-4,1,10.2911029110291,-11.5673717807984,4,-1.1124912,0.2781228
X-4Y+2,-4,2,12.8115031150311,-9.68474298240418,4,-1.1124912,0.5562456
X-4Y+3,-4,3,15.2594025940259,-7.60066855159989,4,-1.1124912,0.8343684
X-4Y+4,-4,4,17.750302503025,-5.36432958560518,4,-1.1124912,1.1124912
X-4Y+5,-4,5,20.0954509545095,-3.27699614675478,4,-1.1124912,1.390614
X-3Y-6,-3,-6,-9.67447174471745,-17.3292435761681,4,-0.8343684,-1.6687368
X-3Y-5,-3,-5,-6.78081780817808,-16.585744322672,4,-0.8343684,-1.390614
X-3Y-4,-3,-4,-4.34979349793498,-15.9570860033993,4,-0.8343684,-1.1124912
X-3Y-3,-3,-3,-1.83626836268363,-15.1358445998244,4,-0.8343684,-0.8343684
X-3Y-2,-3,-2,0.827258272582726,-14.0115547564755,4,-0.8343684,-0.5562456
X-3Y-1,-3,-1,3.49790997909979,-12.686156083963,4,-0.8343684,-0.2781228
X-3Y+0,-3,0,6.19643696436964,-11.1918464247678,4,-0.8343684,0
X-3Y+1,-3,1,8.82921329213292,-9.45840802273148,4,-0.8343684,0.2781228
X-3Y+2,-3,2,11.4257392573926,-7.53125118676576,4,-0.8343684,0.5562456
X-3Y+3,-3,3,13.990139901399,-5.46889877505229,4,-0.8343684,0.8343684
X-3Y+4,-3,4,16.5322903229032,-3.32537041780839,4,-0.8343684,1.1124912
X-3Y+5,-3,5,18.9254392543925,-1.27644572555163,4,-0.8343684,1.390614
X-2Y-6,-2,-6,-11.09998599986,-15.1549046912984,4,-0.5562456,-1.6687368
X-2Y-5,-2,-5,-8.47058470584706,-14.5758729525787,4,-0.5562456,-1.390614
X-2Y-4,-2,-4,-6.04343543435434,-13.9152444673805,4,-0.5562456,-1.1124912
X-2Y-3,-2,-3,-3.49315993159932,-12.9997583261434,4,-0.5562456,-0.8343684
X-2Y-2,-2,-2,-0.797757977579776,-11.85664741827,4,-0.5562456,-0.5562456
X-2Y-1,-2,-1,1.90076900769008,-10.445680948474,4,-0.5562456,-0.2781228
X-2Y+0,-2,0,4.59717097170972,-8.84862653174789,4,-0.5562456,0
X-2Y+1,-2,1,7.28732287322873,-7.08507520730227,4,-0.5562456,0.2781228
X-2Y+2,-2,2,9.91784917849178,-5.18893825967837,4,-0.5562456,0.5562456
X-2Y+3,-2,3,12.5745007450074,-3.15116823403296,4,-0.5562456,0.8343684
X-2Y+4,-2,4,15.1474014740147,-1.05596160363461,4,-0.5562456,1.1124912
X-2Y+5,-2,5,17.60005100051,0.999318646188071,4,-0.5562456,1.390614
X-1Y-6,-1,-6,-12.5111251112511,-13.0318195806583,4,-0.2781228,-1.6687368
X-1Y-5,-1,-5,-10.1824768247682,-12.4171948359234,4,-0.2781228,-1.390614
X-1Y-4,-1,-4,-7.69357693576936,-11.6364757142606,4,-0.2781228,-1.1124912
X-1Y-3,-1,-3,-5.11267612676127,-10.5971037168044,4,-0.2781228,-0.8343684
X-1Y-2,-1,-2,-2.48077480774808,-9.34408752533441,4,-0.2781228,-0.5562456
X-1Y-1,-1,-1,0.25650256502565,-7.92726427621268,4,-0.2781228,-0.2781228
X-1Y+0,-1,0,3.00390503905039,-6.33576045681949,4,-0.2781228,0
X-1Y+1,-1,1,5.72005720057201,-4.54782032406914,4,-0.2781228,0.2781228
X-1Y+2,-1,2,8.33158331583316,-2.6371816879089,4,-0.2781228,0.5562456
X-1Y+3,-1,3,11.0054850548505,-0.619681692933419,4,-0.2781228,0.8343684
X-1Y+4,-1,4,13.5705107051071,1.5027087518629,4,-0.2781228,1.1124912
X-1Y+5,-1,5,16.060410604106,3.70322158231122,4,-0.2781228,1.390614
X+0Y-6,0,-6,-14.1228912289123,-10.6171688457118,4,0,-1.6687368
X+0Y-5,0,-5,-11.9041190411904,-9.92972845601344,4,0,-1.390614
X+0Y-4,0,-4,-9.359968599686,-9.01774718799191,4,0,-1.1124912
X+0Y-3,0,-3,-6.79769297692977,-7.89148108903389,4,0,-0.8343684
X+0Y-2,0,-2,-4.14554145541455,-6.59979117512964,4,0,-0.5562456
X+0Y-1,0,-1,-1.42076420764208,-5.18614252525941,4,0,-0.2781228
X+0Y+0,0,0,1.33226332263323,-3.56539616646446,4,0,0
X+0Y+1,0,1,4.06841568415684,-1.79083550497814,4,0,0.2781228
X+0Y+2,0,2,6.71094210942109,0.1322531070726,4,0,0.5562456
X+0Y+3,0,3,9.31184311843118,2.23207937905011,4,0,0.8343684
X+0Y+4,0,4,11.8539935399354,4.49289704697141,4,0,1.1124912
X+0Y+5,0,5,14.3770187701877,6.73835093287736,4,0,1.390614
X+1Y-6,1,-6,-15.8246582465825,-8.0056280910066,4,0.2781228,-1.6687368
X+1Y-5,1,-5,-13.5821358213582,-7.18439625321689,4,0.2781228,-1.390614
X+1Y-4,1,-4,-11.0232352323523,-6.21176403171507,4,0.2781228,-1.1124912
X+1Y-3,1,-3,-8.43670936709367,-5.04572729726031,4,0.2781228,-0.8343684
X+1Y-2,1,-2,-5.79568295682957,-3.69846177848265,4,0.2781228,-0.5562456
X+1Y-1,1,-1,-3.0990309903099,-2.26055458270993,4,0.2781228,-0.2781228
X+1Y+0,1,0,-0.343128431284313,-0.641082064664874,4,0.2781228,0
X+1Y+1,1,1,2.39464894648946,1.14703693633194,4,0.2781228,0.2781228
X+1Y+2,1,2,5.07017570175702,3.17798029600414,4,0.2781228,0.5562456
X+1Y+3,1,3,7.62957629576296,5.33166766603282,4,0.2781228,0.8343684
X+1Y+4,1,4,10.1784767847678,7.53789508833124,4,0.2781228,1.1124912
X+1Y+5,1,5,12.7441274412744,9.65761305529981,4,0.2781228,1.390614
X+2Y-6,2,-6,-17.5233002330023,-5.33913158958718,4,0.5562456,-1.6687368
X+2Y-5,2,-5,-15.1342763427634,-4.36751563845241,4,0.5562456,-1.390614
X+2Y-4,2,-4,-12.6467514675147,-3.32086197059861,4,0.5562456,-1.1124912
X+2Y-3,2,-3,-10.0286002860029,-2.11144485038179,4,0.5562456,-0.8343684
X+2Y-2,2,-2,-7.38007380073801,-0.73768761702389,4,0.5562456,-0.5562456
X+2Y-1,2,-1,-4.73667236672367,0.767992115718737,4,0.5562456,-0.2781228
X+2Y+0,2,0,-2.03927039270393,2.48246980367932,4,0.5562456,0
X+2Y+1,2,1,0.684131841318413,4.320617902412,4,0.5562456,0.2781228
X+2Y+2,2,2,3.42653426534265,6.3554035021309,4,0.5562456,0.5562456
X+2Y+3,2,3,6.04181041810418,8.39848689628549,4,0.5562456,0.8343684
X+2Y+4,2,4,8.5789607896079,10.4141365946962,4,0.5562456,1.1124912
X+2Y+5,2,5,11.1544865448654,12.4251765524836,4,0.5562456,1.390614
X+3Y-6,3,-6,-19.2721927219272,-2.59164864140353,4,0.8343684,-1.6687368
X+3Y-5,3,-5,-16.6235412354124,-1.41881430122576,4,0.8343684,-1.390614
X+3Y-4,3,-4,-14.2022670226702,-0.309405335608799,4,0.8343684,-1.1124912
X+3Y-3,3,-3,-11.6081160811608,0.954224444365267,4,0.8343684,-0.8343684
X+3Y-2,3,-2,-8.94146441464414,2.37755241653227,4,0.8343684,-0.5562456
X+3Y-1,3,-1,-6.32843828438284,3.93302308854786,4,0.8343684,-0.2781228
X+3Y+0,3,0,-3.69578695786958,5.67191469473197,4,0.8343684,0
X+3Y+1,3,1,-1.0070100701007,7.48600824169812,4,0.8343684,0.2781228
X+3Y+2,3,2,1.80826808268083,9.35977960218695,4,0.8343684,0.5562456
X+3Y+3,3,3,4.50892008920089,11.3013909424829,4,0.8343684,0.8343684
X+3Y+4,3,4,7.03994539945399,13.1995703308169,4,0.8343684,1.1124912
X+3Y+5,3,5,9.56672066720667,15.1747801806264,4,0.8343684,1.390614
X+4Y-6,4,-6,-20.9278342783428,-0.00510813970306201,4,1.1124912,-1.6687368
X+4Y-5,4,-5,-18.0271802718027,1.49492358947478,4,1.1124912,-1.390614
X+4Y-4,4,-4,-15.6454064540645,2.71080984025175,4,1.1124912,-1.1124912
X+4Y-3,4,-3,-13.0866308663087,4.0465954589575,4,1.1124912,-0.8343684
X+4Y-2,4,-2,-10.4444794447944,5.52160541716116,4,1.1124912,-0.5562456
X+4Y-1,4,-1,-7.82782827828278,7.10668950256042,4,1.1124912,-0.2781228
X+4Y+0,4,0,-5.24742747427474,8.75870169558373,4,1.1124912,0
X+4Y+1,4,1,-2.59090090900909,10.495402169153,4,1.1124912,0.2781228
X+4Y+2,4,2,0.190751907519075,12.3182356854537,4,1.1124912,0.5562456
X+4Y+3,4,3,2.9290292902929,14.192995948887,4,1.1124912,0.8343684
X+4Y+4,4,4,5.49955499554996,15.997873053492,4,1.1124912,1.1124912
X+4Y+5,4,5,8.0409554095541,17.829065012256,4,1.1124912,1.390614
X+5Y-6,5,-6,-22.6526015260153,2.65870531506932,4,1.390614,-1.6687368
X+5Y-5,5,-5,-19.4423194231942,4.44244979632395,4,1.390614,-1.390614
X+5Y-4,5,-4,-17.0564205642056,5.76377626898077,4,1.390614,-1.1124912
X+5Y-3,5,-3,-14.5046450464505,7.17938197919311,4,1.390614,-0.8343684
X+5Y-2,5,-2,-11.8982439824398,8.64990561141815,4,1.390614,-0.5562456
X+5Y-1,5,-1,-9.28684286842869,10.1787645309634,4,1.390614,-0.2781228
X+5Y+0,5,0,-6.74056740567406,11.7940181574189,4,1.390614,0
X+5Y+1,5,1,-4.13566635666357,13.5489522238508,4,1.390614,0.2781228
X+5Y+2,5,2,-1.40813908139081,15.321991087663,4,1.390614,0.5562456
X+5Y+3,5,3,1.34388843888439,17.0200279540207,4,1.390614,0.8343684
X+5Y+4,5,4,4.03341533415334,18.6427274569388,4,1.390614,1.1124912
X+5Y+5,5,5,6.65869158691587,20.225674203832,4,1.390614,1.390614
X+6Y-6,6,-6,-24.180366803668,4.98040030094997,4,1.6687368,-1.6687368
X+6Y-5,6,-5,-20.70045700457,7.05568831567008,4,1.6687368,-1.390614
X+6Y-4,6,-4,-18.3268082680827,8.5166936375591,4,1.6687368,-1.1124912
X+6Y-3,6,-3,-15.809783097831,10.0914051049055,4,1.6687368,-0.8343684
X+6Y-2,6,-2,-13.3041330413304,11.6784728478186,4,1.6687368,-0.5562456
X+6Y-1,6,-1,-10.8032330323303,13.2620622973658,4,1.6687368,-0.2781228
X+6Y+0,6,0,-8.22858228582286,14.8643772845069,4,1.6687368,0
X+6Y+1,6,1,-5.61343113431134,16.498775053381,4,1.6687368,0.2781228
X+6Y+2,6,2,-2.95152951529515,18.218697217004,4,1.6687368,0.5562456
X+6Y+3,6,3,-0.322128221282213,19.9486051908059,4,1.6687368,0.8343684
X+6Y+4,6,4,2.34064840648406,21.7138701163677,4,1.6687368,1.1124912
X+6Y+5,6,5,4.8340483404834,23.3588927326247,4,1.6687368,1.390614
X-5Y-7,-5,-7,-9.85422354223542,-23.6966325854707,0,-1.390614,-1.9468596
X-5Y+6,-5,6,24.5864958649586,-4.89779399424702,0,-1.390614,1.6687368
X-4Y-7,-4,-7,-11.4409894098941,-20.4145524280714,0,-1.1124912,-1.9468596
X-4Y+6,-4,6,22.4405994059941,-1.18966270790437,0,-1.1124912,1.6687368
X-3Y-7,-3,-7,-12.5681256812568,-18.0727428296643,0,-0.8343684,-1.9468596
X-3Y+6,-3,6,21.3185881858819,0.772478966705132,0,-0.8343684,1.6687368
X-2Y-7,-2,-7,-13.7293872938729,-15.7339364300182,0,-0.5562456,-1.9468596
X-2Y+6,-2,6,20.0527005270053,3.05459889601075,0,-0.5562456,1.6687368
X-1Y-7,-1,-7,-14.839773397734,-13.6464443253933,0,-0.2781228,-1.9468596
X-1Y+6,-1,6,18.550310503105,5.90373441275954,0,-0.2781228,1.6687368
X+0Y-7,0,-7,-16.3416634166342,-11.3046092354102,0,0,-1.9468596
X+0Y+6,0,6,16.90004400044,8.9838048187833,0,0,1.6687368
X+1Y-7,1,-7,-18.0671806718067,-8.8268599287963,0,0.2781228,-1.9468596
X+1Y+6,1,6,15.309778097781,11.7773310222684,0,0.2781228,1.6687368
X+2Y-7,2,-7,-19.9123241232412,-6.31074754072194,0,0.5562456,-1.9468596
X+2Y+6,2,6,13.730012300123,14.4362165102709,0,0.5562456,1.6687368
X+3Y-7,3,-7,-21.9208442084421,-3.76448298158131,0,0.8343684,-1.9468596
X+3Y+6,3,6,12.0934959349593,17.1499900304358,0,0.8343684,1.6687368
X+4Y-7,4,-7,-23.8284882848828,-1.50513986888091,0,1.1124912,-1.9468596
X+4Y+6,4,6,10.5823558235582,19.6602569710201,0,1.1124912,1.6687368
X+5Y-7,5,-7,-25.8628836288363,0.874960833814689,0,1.390614,-1.9468596
X+5Y+6,5,6,9.28396783967839,21.8086209507252,0,1.390614,1.6687368
X+6Y-7,6,-7,-27.660276602766,2.90511228622985,0,1.6687368,-1.9468596
X+6Y+6,6,6,7.32744827448274,25.0039153488817,0,1.6687368,1.6687368
X-6Y-6,-6,-6,-4.94792447924479,-24.8776334556071,0,-1.6687368,-1.6687368
X+7Y-6,7,-6,-25.7081320813208,7.30209528683061,0,1.9468596,-1.6687368
X-6Y-5,-6,-5,-1.62839128391284,-22.7765541683442,0,-1.6687368,-1.390614
X+7Y-5,7,-5,-21.9585945859459,9.66892683501621,0,1.9468596,-1.390614
X-6Y-4,-6,-4,0.539255392553925,-21.3672287342674,0,-1.6687368,-1.1124912
X+7Y-4,7,-4,-19.5971959719597,11.2696110061374,0,1.9468596,-1.1124912
X-6Y-3,-6,-3,2.75752757527575,-20.0174278893997,0,-1.6687368,-0.8343684
X+7Y-3,7,-3,-17.1149211492115,13.0034282306178,0,1.9468596,-0.8343684
X-6Y-2,-6,-2,4.99767497674977,-18.8574667015908,0,-1.6687368,-0.5562456
X+7Y-2,7,-2,-14.710022100221,14.7070400842191,0,1.9468596,-0.5562456
X-6Y-1,-6,-1,7.69520195201952,-17.6517307585053,0,-1.6687368,-0.2781228
X+7Y-1,7,-1,-12.319623196232,16.3453600637683,0,1.9468596,-0.2781228
X-6Y+0,-6,0,10.3219782197822,-16.4253493896561,0,-1.6687368,0
X+7Y+0,7,0,-9.71659716597166,17.9347364115949,0,1.9468596,0
X-6Y+1,-6,1,12.7613776137761,-15.0010980800921,0,-1.6687368,0.2781228
X+7Y+1,7,1,-7.09119591195912,19.4485978829111,0,1.9468596,0.2781228
X-6Y+2,-6,2,15.2825278252783,-13.5474453325114,0,-1.6687368,0.5562456
X+7Y+2,7,2,-4.49491994919949,21.115403346345,0,1.9468596,0.5562456
X-6Y+3,-6,3,17.9851798517985,-12.2300484003667,0,-1.6687368,0.8343684
X+7Y+3,7,3,-1.98814488144881,22.8771824275912,0,1.9468596,0.8343684
X-6Y+4,-6,4,21.040085400854,-10.8777824229734,0,-1.6687368,1.1124912
X+7Y+4,7,4,0.647881478814788,24.7850127757967,0,1.9468596,1.1124912
X-6Y+5,-6,5,23.8862388623886,-9.74185385178153,0,-1.6687368,1.390614
X+7Y+5,7,5,3.00940509405094,26.4921112614175,0,1.9468596,1.390614
