input_detx,input_dety,corrected_detx,corrected_dety
-15.7745503994372,15.8949625118307,-1.390614,-1.6687368
-12.3823513777583,15.7593791630873,-1.390614,-1.390614
-8.94308310570574,15.6575531176051,-1.390614,-1.1124912
-5.97847314763189,15.5892982663514,-1.390614,-0.8343684
-2.91720993954585,15.5297339419219,-1.390614,-0.5562456
0.0977431469871091,15.4742632690304,-1.390614,-0.2781228
3.15429685725182,15.391195097227,-1.390614,0
6.11375629514702,15.2867108836993,-1.390614,0.2781228
9.0039511294678,15.1844991949819,-1.390614,0.5562456
12.1213634321243,15.0749061225128,-1.390614,0.8343684
14.923627764569,14.9773539149712,-1.390614,1.1124912
17.1320046651837,14.9013477729782,-1.390614,1.390614
-16.0075085783749,13.719394962181,-1.1124912,-1.6687368
-12.654097508568,13.5267760164181,-1.1124912,-1.390614
-9.35598126430975,13.3420701551896,-1.1124912,-1.1124912
-6.38241062135167,13.1773163586377,-1.1124912,-0.8343684
-3.32204210141413,13.0029189893003,-1.1124912,-0.5562456
-0.35027097167204,12.8508095815219,-1.1124912,-0.2781228
2.63880009209047,12.6930996821528,-1.1124912,0
5.60405133037983,12.5154019548732,-1.1124912,0.2781228
8.56094453058305,12.3689057291221,-1.1124912,0.5562456
11.6513400609923,12.268829503783,-1.1124912,0.8343684
14.6266208361824,12.1823132910555,-1.1124912,1.1124912
17.0430749308402,12.1051958040779,-1.1124912,1.390614
-16.2591842647122,10.5741479387965,-0.8343684,-1.6687368
-13.0195268287017,10.4668896427233,-0.8343684,-1.390614
-9.88195535717718,10.3672034036984,-0.8343684,-1.1124912
-6.82738196918584,10.2798741696666,-0.8343684,-0.8343684
-3.78971638396481,10.1810511430256,-0.8343684,-0.5562456
-0.802433190260767,10.0754835079344,-0.8343684,-0.2781228
2.20241143856115,9.93987099156034,-0.8343684,-4.84400916976092e-18
5.16956864021645,9.74543337102206,-0.8343684,0.2781228
7.50521991204607,-14.9081347266782,1.54932832719433,0.460793177379583
-23.3629739592659,-1.4150572919722,0.28312428742709,-2.26943744618278
-2.39584911304729,-4.37807556492472,0.536926724376935,-0.346704330452262
17.1458468123018,-8.53641772855737,0.894822631975628,1.40886169848809
-17.8924289982985,-13.3011229878488,1.33299630465466,-1.69406780237918
-15.9427286597337,-6.00594357356051,0.691264522527742,-1.58051498604555
-15.647015724856,11.8118851152448,-0.945315284121647,-1.62480147721362
-25.0360865818827,-0.168741976472777,0.171806551862792,-2.43556236405951
10.7101400058802,-17.4980498496034,1.82658483547216,0.731391442570941
-3.76463841513679,-14.7378600972768,1.57663753045461,-0.574362081718548
-9.21467814563046,18.8489087240533,-1.77064997681965,-1.1908292214423
18.6875182717589,11.851772257116,-1.09160633882974,1.58039908941906
4.13293200931662,-24.1129351626832,2.67653938927212,-0.00187973019686138
-4.1732516459977,-4.87354564721547,0.584895945035591,-0.512648330495425
15.3350324485783,12.0267014455791,-1.09866757519797,1.19436845995857
-6.00999088918373,14.2587716215409,-1.23843772370037,-0.817146977895071
-13.0085549192078,-12.3483440034107,1.26110572967249,-1.35610107129025
-8.36576718368498,-17.4705156003528,2.19938837785215,-0.992797299030521
6.96039485309461,19.4227896412136,-1.80579337610102,0.286197675031266
17.3279308411469,-15.7375053638003,1.57769645750261,1.38283449817046
-17.8667778676116,19.7419003664578,-1.86975353510838,-1.87314231599136
-8.86635214175293,-19.4781746447975,2.64797870606963,-1.04940122548013
8.56645571716436,-16.4579704817678,1.72486826287661,0.542730893998271
12.1293701255438,8.32082929902552,-0.722227054943647,0.928733147123565
-25.7501739884783,-4.68895618750712,0.579517678303689,-2.4443548008156
17.1713502403938,-0.996937526149182,0.162534625947919,1.41461498970336
4.05210741007091,-15.3724303740468,1.62186348646691,0.135845170240845
6.3438045484412,-19.0610128482964,2.05655542107785,0.286044810598997
-22.2057849918393,-8.60849946057501,0.896559914149056,-2.05825901596987
11.6158437652696,-4.52317826669276,0.531508555770118,0.927448256549099
3.67391808233857,3.3605583916124,-0.195480735012939,0.197417296261926
11.5992099196044,12.5760461925132,-1.14258198695486,0.825180666318662
3.6037382286356,-3.20272179865554,0.419111572802341,0.205738450013047
-5.61075673834475,-23.7666993501755,3.01972036489977,-0.837860226137446
-8.21289668667266,-0.983739363330574,0.225963554567665,-0.874832043626218
-20.6798367614508,11.2390777798505,-0.878949152837629,-2.0501453111038
-19.6236170942389,-16.7167146411858,2.8560187041028,-1.77335080234939
-18.3313128872879,-2.95197236879754,0.421974387600539,-1.79929206238843
-22.1766941029323,-20.7569385958889,-0.317260901151844,-1.9468596
17.6956032501258,7.6876702135758,-0.670656596884015,1.46809605128028
16.2386590815266,9.15816596018301,-0.808285305693682,1.31299581868371
11.2820678291866,7.00062457683301,-0.584781222504856,0.869060216947232
-4.12315976676731,14.2129845027507,-1.24355703471585,-0.646361586336587
21.2496402246979,9.69565527268892,-0.861505908585053,1.83745372025777
2.95321914091505,-23.1411550144545,2.60325196929386,-0.075367896284069
-4.19319942523003,-13.4710325945553,1.38440881122793,-0.596960363146157
-11.9980674838454,-21.495133017291,3.13407654850267,-1.33302887192069
11.7249060916677,12.0738852353695,-1.09320197186022,0.843712278475758
-4.42752842330231,15.9722103074947,-1.43809214815323,-0.699726306806203
17.97371620764,-6.76354704431686,0.717619464662508,1.48167871727845
19.4599540280539,2.9618019274486,-0.233806172657604,1.61723262617424
-25.0374717884596,10.9064719669597,-0.837952702863839,-2.42250052593417
20.4297191876532,19.8716596855857,-1.89572869954233,1.78558728572118
-3.94983967754416,-1.92600868884943,0.305920007927361,-0.483574746586667
-23.156668648604,-24.661124209578,0.0230727370690316,-1.9468596
9.48733742596357,-19.1807899853324,2.03516340397929,0.59876191674597
-24.4881224896758,-2.82391042229903,0.410382828064494,-2.34551858983118
17.5195005367674,-2.51096472500316,0.305636206987718,1.44374549004106
-15.1469965653194,5.94477448192297,-0.402596391380707,-1.53851997744577
-24.2577834577812,12.8899421290544,-0.997768306610764,-2.34438214741881
-20.6992409851622,-11.0191750372802,1.1113103344902,-1.91631475086939
13.1634140594909,3.19104823095397,-0.218641158867896,1.06044112055462
-8.09278810004231,-0.2978195340404,0.162568814049799,-0.86419294442811
8.53906976265758,-12.8147982483401,1.31709670364685,0.584720422482952
-0.414377121425368,22.7657234034768,-2.16612449842625,-0.438309308610996
-8.65917489604912,22.1732054200243,-2.15397207038877,-1.19094426855486
-18.8774426490244,12.8044192172443,-1.01864912218001,-1.90135822473409
-21.4748237333498,-20.3416929247856,-1.33892588068199,-1.94685960000001
-21.0470044603002,-2.85551554950541,0.413240453692963,-2.04059200379409
-14.6273637198455,14.8494934803867,-1.26615144639851,-1.56494596313617
14.2750813349143,-11.997535834386,1.22754436692852,1.11449554257202
18.6656770998547,-8.71926902895902,0.906679737659715,1.54739424239621
0.993335719766879,-22.8524094060198,2.58755535190493,-0.2404168117704
11.3531178837708,15.2301426553662,-1.40321069034946,0.764038588393847
-8.85692636455055,3.62660515600767,-0.195692114399238,-0.946730713556743
0.153172626889948,-1.43889814231769,0.258070867167606,-0.10851507849728
24.0698913568573,-9.03445781262409,0.928212123799344,2.04763927537603
-7.57955893559576,-9.33861816061462,1.0024075174288,-0.862669930463384
-20.3929026956111,-17.3397563135901,3.19206181216294,-1.81673287018585
-12.2643157303209,1.24943271036002,0.0293123530836016,-1.2475824743789
-5.86797428953552,22.5838504179446,-2.19831844298591,-0.934356528862962
-17.636959365895,7.64409483937063,-0.559387210808437,-1.77815832204759
-10.8449291860181,-13.9003814543837,1.44378804415424,-1.18103332838459
-10.6319860121714,5.49936660234422,-0.367039835947112,-1.1225288353559
1.34984023619416,-16.1135739492751,1.73621333685428,-0.121047792494251
-9.2003910725793,9.12632284406166,-0.717571029702883,-1.03445432442748
5.85295898424792,19.1994824781523,-1.7822519264599,0.185981940821369
7.20516975250384,-3.85174280358663,0.476851338722381,0.531495244506337
9.07147563787282,4.25514342984784,-0.301254375344687,0.687355348535746
3.15140577631118,7.03611712755113,-0.549043339402269,0.119796693960723
-6.93653156394645,-0.89852592308976,0.215236152763662,-0.757336832445642
-12.1843219664565,-10.8115676464599,1.12399776503083,-1.27795420765182
24.3175017275538,13.4050066996606,-1.27171417051245,2.223924220589
24.6093745889284,4.24097631922545,-0.389686992180083,2.07277512236445
-6.33704265989574,0.478710964899058,0.0879771606612082,-0.703806439022543
24.4370192833639,12.7938304852097,-1.20858864816684,2.23924338134775
-8.44533694220209,-10.7118409478343,1.12646664724568,-0.950769622345744
21.4365818737514,-7.6399004424157,0.794321192493529,1.80037441820992
-4.38834593121779,-15.9718211419643,1.78423760442245,-0.641426043671353
15.4605242302064,-1.91484168193912,0.259464446083248,1.2689356948199
21.6373435654186,0.045309582206464,0.0368242886718249,1.79647766890587
-20.7156555644685,15.7568665480384,-1.34325456289544,-2.07257944528408
25.2106923663994,-22.7929765332756,2.15469226978743,2.07890614685264
-14.217956686969,-9.81862274827118,1.02812565227481,-1.44497115211413
12.7862892729925,-4.46710390048564,0.521029949202157,1.03262819707947
-18.8686105191615,-7.12194888031581,0.780185147663215,-1.8179765313303
-7.41053733271655,16.5453237856471,-1.50103282880762,-0.984095156066669
-3.61656768775016,-2.42889133031615,0.353599878701547,-0.454542024461406
-12.5838457441317,-14.6071597033375,1.62696799989927,-1.33165629000464
10.5436638529436,-23.3812501340452,2.4463401580304,0.662383502537596
-9.03836572998627,9.56030569663895,-0.759458727838428,-1.02557079868662
-14.6678899837848,19.0215534147788,-1.78936455008949,-1.60746685356569
24.013382913867,-15.8107651353262,1.5177810474818,2.04006502384591
-9.64219074862352,12.0273449593383,-0.989297724978447,-1.11698006752189
-25.5190158237468,-22.0274230813924,4.77889564007029,-1.9468596
-1.40303016792275,22.9573928718022,-2.18790516336545,-0.531413437399721
25.2855062217148,-1.62217556499397,0.177925332777142,2.10404789645741
11.038946951393,-21.4579443601821,2.24125106486024,0.72611834641329
-2.31163208645588,8.01123029397045,-0.626236986529039,-0.390875540552089
2.8216035332793,-14.4970542199235,1.51530376979137,0.0365679085176912
17.7022761579842,4.55115310667108,-0.375019758253893,1.46554567048745
-17.0958878230111,1.62914328573222,0.00470116682061752,-1.70710392267585
5.57863079601632,-19.6685487276797,2.13675216403267,0.201497742162314
-25.327916527605,6.03300842663377,-0.396553225947808,-2.476940574964
11.6036481557752,-22.1451153210127,2.30291311527538,0.773377407196889
6.63133094878779,4.60257799754806,-0.324337878612821,0.460624685556064
-7.37462105758437,-9.94053840918572,1.05837237015694,-0.849597347795171
-26.2038962056106,6.12883497353985,-0.404103363859132,-2.55609087485873
