Timestamp,Main Chamber,Buffer Chamber,Buffer Chamber Backing Pump,Load Lock,Load Lock Backing,Cryo Load Lock,Cryo Load Lock Backing
2026-03-09 13:17:56,N/A,N/A,N/A,-1,-1,N/A,N/A
2026-03-09 13:18:11,N/A,N/A,N/A,-1,-1,N/A,N/A
2026-03-09 13:18:26,N/A,N/A,N/A,-1,-1,N/A,N/A
2026-03-09 13:18:41,N/A,N/A,N/A,-1,-1,N/A,N/A
2026-03-09 13:18:56,N/A,N/A,N/A,-1,-1,N/A,N/A
2026-03-09 13:19:42,N/A,N/A,N/A,-1,-1,N/A,N/A
2026-03-09 13:48:34,N/A,N/A,N/A,-1,-1,N/A,N/A
2026-03-09 13:48:49,N/A,N/A,N/A,-1,-1,N/A,N/A
2026-03-09 13:49:04,N/A,N/A,N/A,-1,-1,N/A,N/A
2026-03-09 13:49:19,N/A,N/A,N/A,-1,-1,N/A,N/A
2026-03-09 13:49:35,N/A,N/A,N/A,-1,-1,N/A,N/A
2026-03-09 13:49:50,N/A,N/A,N/A,-1,-1,N/A,N/A
2026-03-09 13:50:05,N/A,N/A,N/A,-1,-1,N/A,N/A
2026-03-09 13:50:20,N/A,N/A,N/A,-1,-1,N/A,N/A
2026-03-09 13:50:35,N/A,N/A,N/A,-1,-1,N/A,N/A
2026-03-09 13:50:50,N/A,N/A,N/A,-1,-1,N/A,N/A
2026-03-09 13:51:05,N/A,N/A,N/A,-1,-1,N/A,N/A
2026-03-09 13:51:21,N/A,N/A,N/A,-1,-1,N/A,N/A
2026-03-09 13:51:36,N/A,N/A,N/A,-1,-1,N/A,N/A
2026-03-09 13:51:51,N/A,N/A,N/A,-1,-1,N/A,N/A
2026-03-09 13:52:06,N/A,N/A,N/A,-1,-1,N/A,N/A
2026-03-09 13:52:21,N/A,N/A,N/A,-1,-1,N/A,N/A
2026-03-09 13:52:36,N/A,N/A,N/A,-1,-1,N/A,N/A
2026-03-09 13:52:51,N/A,N/A,N/A,-1,-1,N/A,N/A
2026-03-09 13:53:07,N/A,N/A,N/A,-1,-1,N/A,N/A
2026-03-09 13:53:22,N/A,N/A,N/A,-1,-1,N/A,N/A
2026-03-09 13:53:37,N/A,N/A,N/A,-1,-1,N/A,N/A
2026-03-09 13:53:52,N/A,N/A,N/A,-1,-1,N/A,N/A
2026-03-09 13:54:07,N/A,N/A,N/A,-1,-1,N/A,N/A
2026-03-09 13:54:22,N/A,N/A,N/A,-1,-1,N/A,N/A
2026-03-09 13:54:37,N/A,N/A,N/A,-1,-1,N/A,N/A
2026-03-09 13:54:52,N/A,N/A,N/A,-1,-1,N/A,N/A
2026-03-09 13:55:08,N/A,N/A,N/A,-1,-1,N/A,N/A
2026-03-09 13:55:23,N/A,N/A,N/A,-1,-1,N/A,N/A
2026-03-09 13:55:26,N/A,N/A,N/A,-1,-1,N/A,N/A
2026-03-09 13:55:38,N/A,N/A,N/A,-1,-1,N/A,N/A
2026-03-09 13:55:41,N/A,N/A,N/A,-1,-1,N/A,N/A
2026-03-09 13:55:53,N/A,N/A,N/A,-1,-1,N/A,N/A
2026-03-09 13:55:57,N/A,N/A,N/A,-1,-1,N/A,N/A
2026-03-09 13:56:08,N/A,N/A,N/A,-1,-1,N/A,N/A
2026-03-09 13:56:12,N/A,N/A,N/A,-1,-1,N/A,N/A
2026-03-09 13:56:23,N/A,N/A,N/A,-1,-1,N/A,N/A
2026-03-09 13:56:27,N/A,N/A,N/A,-1,-1,N/A,N/A
2026-03-09 13:56:38,N/A,N/A,N/A,-1,-1,N/A,N/A
2026-03-09 13:56:42,N/A,N/A,N/A,-1,-1,N/A,N/A
2026-03-09 13:56:54,N/A,N/A,N/A,-1,-1,N/A,N/A
2026-03-09 13:56:57,N/A,N/A,N/A,-1,-1,N/A,N/A
2026-03-09 13:57:09,N/A,N/A,N/A,-1,-1,N/A,N/A
2026-03-09 13:57:12,N/A,N/A,N/A,-1,-1,N/A,N/A
2026-03-09 13:57:24,N/A,N/A,N/A,-1,-1,N/A,N/A
2026-03-09 13:57:27,N/A,N/A,N/A,-1,-1,N/A,N/A
2026-03-09 13:57:39,N/A,N/A,N/A,-1,-1,N/A,N/A
2026-03-09 13:57:42,N/A,N/A,N/A,-1,-1,N/A,N/A
2026-03-09 13:57:54,N/A,N/A,N/A,-1,-1,N/A,N/A
2026-03-09 13:57:58,N/A,N/A,N/A,-1,-1,N/A,N/A
2026-03-09 13:58:09,N/A,N/A,N/A,-1,-1,N/A,N/A
2026-03-09 13:58:13,N/A,N/A,N/A,-1,-1,N/A,N/A
2026-03-09 13:58:24,N/A,N/A,N/A,-1,-1,N/A,N/A
2026-03-09 13:58:28,N/A,N/A,N/A,-1,-1,N/A,N/A
2026-03-09 13:58:39,N/A,N/A,N/A,-1,-1,N/A,N/A
2026-03-09 13:58:43,N/A,N/A,N/A,-1,-1,N/A,N/A
2026-03-09 13:58:52,N/A,N/A,N/A,-1,-1,N/A,N/A
2026-03-09 13:58:55,N/A,N/A,N/A,-1,-1,N/A,N/A
2026-03-09 13:58:58,N/A,N/A,N/A,-1,-1,N/A,N/A
2026-03-09 13:59:07,N/A,N/A,N/A,-1,-1,N/A,N/A
2026-03-09 13:59:10,N/A,N/A,N/A,-1,-1,N/A,N/A
2026-03-09 13:59:13,N/A,N/A,N/A,-1,-1,N/A,N/A
2026-03-09 13:59:22,N/A,N/A,N/A,-1,-1,N/A,N/A
2026-03-09 13:59:25,N/A,N/A,N/A,-1,-1,N/A,N/A
2026-03-09 13:59:28,N/A,N/A,N/A,-1,-1,N/A,N/A
2026-03-09 13:59:37,N/A,N/A,N/A,-1,-1,N/A,N/A
2026-03-09 13:59:40,N/A,N/A,N/A,-1,-1,N/A,N/A
2026-03-09 13:59:43,N/A,N/A,N/A,-1,-1,N/A,N/A
2026-03-09 13:59:52,N/A,N/A,N/A,-1,-1,N/A,N/A
2026-03-09 13:59:55,N/A,N/A,N/A,-1,-1,N/A,N/A
2026-03-09 13:59:59,N/A,N/A,N/A,-1,-1,N/A,N/A
2026-03-09 14:00:10,N/A,N/A,N/A,-1,-1,N/A,N/A
2026-03-09 14:00:14,N/A,N/A,N/A,-1,-1,N/A,N/A
